2015-09-28T02:52:06+00:00,1443408726.9203
2015-10-27T12:05:59+00:00,1445947559.808
2015-11-25T22:44:50+00:00,1448491490.3756
2015-12-25T11:11:57+00:00,1451041917.7412
2016-01-24T01:46:20+00:00,1453599980.2146
2016-02-22T18:20:33+00:00,1456165233.8611
2016-03-23T12:01:38+00:00,1458734498.341
2016-04-22T05:25:00+00:00,1461302700.217
2016-05-21T21:16:37+00:00,1463865397.0641
2016-06-20T11:04:58+00:00,1466420698.758
2016-07-19T22:59:36+00:00,1468969176.9006
2016-08-18T09:29:45+00:00,1471512585.8188
2016-09-16T19:07:49+00:00,1474052869.6901
2016-10-16T04:25:07+00:00,1476591907.3041
2016-11-14T13:53:38+00:00,1479131618.2593
2016-12-14T00:06:55+00:00,1481674015.65
2017-01-12T11:35:12+00:00,1484220912.2619
2017-02-11T00:33:58+00:00,1486773238.6301
2017-03-12T14:54:49+00:00,1489330489.1074
2017-04-11T06:09:17+00:00,1491890957.9057
2017-05-10T21:43:56+00:00,1494452636.29
2017-06-09T13:11:15+00:00,1497013875.4884
2017-07-09T04:08:31+00:00,1499573311.3359
2017-08-07T18:12:47+00:00,1502129567.3819
2017-09-06T07:04:55+00:00,1504681495.0556
2017-10-05T18:41:56+00:00,1507228916.3995
2017-11-04T05:24:29+00:00,1509773069.4161
2017-12-03T15:48:30+00:00,1512316110.7743
2018-01-02T02:25:29+00:00,1514859929.5679
2018-01-31T13:27:46+00:00,1517405266.3215
2018-03-02T00:52:10+00:00,1519951930.563
2018-03-31T12:37:47+00:00,1522499867.064
2018-04-30T00:59:14+00:00,1525049954.83
2018-05-29T14:20:48+00:00,1527603648.2004
2018-06-28T04:54:35+00:00,1530161675.2297
2018-07-27T20:22:19+00:00,1532722939.419
2018-08-26T11:58:24+00:00,1535284704.9545
2018-09-25T02:54:49+00:00,1537844089.0361
2018-10-24T16:47:34+00:00,1540399654.0151
2018-11-23T05:41:26+00:00,1542951686.8798
2018-12-22T17:50:27+00:00,1545501027.4126
2019-01-21T05:17:10+00:00,1548047830.7535
2019-02-19T15:53:58+00:00,1550591638.3317
2019-03-21T01:43:00+00:00,1553132580.4093
2019-04-19T11:12:18+00:00,1555672338.994
2019-05-18T21:11:36+00:00,1558213896.9294
2019-06-17T08:31:18+00:00,1560760278.61
2019-07-16T21:39:31+00:00,1563313171.7967
2019-08-15T12:31:17+00:00,1565872277.9327
2019-09-14T04:35:23+00:00,1568435723.4981
2019-10-13T21:10:50+00:00,1571001050.2594
2019-11-12T13:37:24+00:00,1573565844.3001
2019-12-12T05:14:52+00:00,1576127692.6482
2020-01-10T19:23:14+00:00,1578684194.8124
2020-02-09T07:34:35+00:00,1581233675.989
2020-03-09T17:48:35+00:00,1583776115.0186
2020-04-08T02:35:36+00:00,1586313336.9019
2020-05-07T10:45:35+00:00,1588848335.196
2020-06-05T19:12:43+00:00,1591384363.1285
2020-07-05T04:44:57+00:00,1593924297.5067
2020-08-03T15:59:38+00:00,1596470378.5142
2020-09-02T05:23:12+00:00,1599024192.148
2020-10-01T21:06:55+00:00,1601586415.4048
2020-10-31T14:51:29+00:00,1604155889.8938
2020-11-30T09:32:04+00:00,1606728724.6804
2020-12-30T03:30:24+00:00,1609299024.9573
2021-01-28T19:18:35+00:00,1611861515.6239
2021-02-27T08:19:36+00:00,1614413976.0595
2021-03-28T18:50:04+00:00,1616957404.2579
2021-04-27T03:33:04+00:00,1619494384.9346
2021-05-26T11:14:51+00:00,1622027691.0958
2021-06-24T18:40:14+00:00,1624560014.1933
2021-07-24T02:37:27+00:00,1627094247.5921
2021-08-22T12:02:15+00:00,1629633735.4485
2021-09-20T23:54:44+00:00,1632182084.427
2021-10-20T14:57:41+00:00,1634741861.0799
2021-11-19T08:59:41+00:00,1637312381.1114
2021-12-19T04:37:58+00:00,1639888678.9675
2022-01-17T23:51:09+00:00,1642463469.9384
2022-02-16T16:59:41+00:00,1645030781.5367
2022-03-18T07:20:37+00:00,1647588037.0977
2022-04-16T18:57:32+00:00,1650135452.5195
2022-05-16T04:15:52+00:00,1652674552.1846
2022-06-14T11:52:37+00:00,1655207557.9709
2022-07-13T18:38:06+00:00,1657737486.6277
2022-08-12T01:36:03+00:00,1660268163.0225
2022-09-10T09:58:51+00:00,1662803931.7056
2022-10-09T20:54:41+00:00,1665348881.4171
2022-11-08T11:02:46+00:00,1667905366.9526
2022-12-08T04:09:48+00:00,1670472588.4817
2023-01-06T23:09:55+00:00,1673046595.4589
2023-02-05T18:30:44+00:00,1675621844.3381
2023-03-07T12:42:49+00:00,1678192969.2779
2023-04-06T04:37:18+00:00,1680755838.7474
2023-05-05T17:36:47+00:00,1683308207.4216
2023-06-04T03:43:56+00:00,1685850236.3484
2023-07-03T11:40:30+00:00,1688384430.8265
2023-08-01T18:33:26+00:00,1690914806.8808
2023-08-31T01:37:05+00:00,1693445825.4805
2023-09-29T09:58:21+00:00,1695981501.3588
2023-10-28T20:24:27+00:00,1698524667.9051
2023-11-27T09:16:41+00:00,1701076601.7611
2023-12-27T00:33:43+00:00,1703637223.1937
2024-01-25T17:54:43+00:00,1706205283.3208
2024-02-24T12:31:19+00:00,1708777879.5227
2024-03-25T07:01:37+00:00,1711350097.4292
2024-04-23T23:51:09+00:00,1713916269.2196
2024-05-23T13:55:52+00:00,1716472552.9357
2024-06-22T01:10:32+00:00,1719018632.2765
2024-07-21T10:19:50+00:00,1721557190.5205
2024-08-19T18:28:35+00:00,1724092115.1464
2024-09-18T02:36:43+00:00,1726627003.4576
2024-10-17T11:27:54+00:00,1729164474.5655
2024-11-15T21:29:37+00:00,1731706177.0013
2024-12-15T09:02:34+00:00,1734253354.237
2025-01-13T22:27:44+00:00,1736807264.328
2025-02-12T13:54:26+00:00,1739368466.5813
2025-03-14T06:55:56+00:00,1741935356.5895
2025-04-13T00:23:56+00:00,1744503836.2798
2025-05-12T16:58:06+00:00,1747069086.609
2025-06-11T07:46:06+00:00,1749627966.6107
2025-07-10T20:38:54+00:00,1752179934.4619
2025-08-09T07:57:07+00:00,1754726227.182
2025-09-07T18:10:41+00:00,1757268641.5909
2025-10-07T03:48:57+00:00,1759808937.2536
2025-11-05T13:20:26+00:00,1762348826.6495
2025-12-04T23:15:18+00:00,1764890118.7183
2026-01-03T10:04:15+00:00,1767434655.6876
2026-02-01T22:10:36+00:00,1769983836.203
2026-03-03T11:39:12+00:00,1772537952.1959
2026-04-02T02:13:20+00:00,1775096000.698
2026-05-01T17:24:43+00:00,1777656283.1504
2026-05-31T08:46:46+00:00,1780217206.1916
2026-06-29T23:58:10+00:00,1782777490.4043
2026-07-29T14:37:11+00:00,1785335831.0456
2026-08-28T04:19:57+00:00,1787890797.0497
2026-09-26T16:50:21+00:00,1790441421.7316
2026-10-26T04:13:07+00:00,1792987987.6016
2026-11-24T14:55:02+00:00,1795532102.5119
2026-12-24T01:29:47+00:00,1798075787.366
2027-01-22T12:18:32+00:00,1800620312.6686
2027-02-20T23:24:11+00:00,1803165851.4731
2027-03-22T10:44:02+00:00,1805712242.66
2027-04-20T22:27:26+00:00,1808260046.0792
2027-05-20T10:59:28+00:00,1810810768.68
2027-06-19T00:45:12+00:00,1813365912.7861
2027-07-18T15:46:16+00:00,1815925576.3503
2027-08-17T07:30:22+00:00,1818487822.1685
2027-09-15T23:05:23+00:00,1821049523.7538
2027-10-15T13:48:56+00:00,1823608136.4634
2027-11-14T03:27:49+00:00,1826162869.8642
2027-12-13T16:10:37+00:00,1828714237.7645
2028-01-12T04:04:33+00:00,1831262673.2014
2028-02-10T15:04:37+00:00,1833807877.2395
2028-03-11T01:06:31+00:00,1836349591.5856
2028-04-09T10:26:59+00:00,1838888819.2408
2028-05-08T19:49:24+00:00,1841428164.7456
2028-06-07T06:09:36+00:00,1843970976.5175
2028-07-06T18:12:07+00:00,1846519927.6284
2028-08-05T08:11:36+00:00,1849075896.6181
2028-09-03T23:49:34+00:00,1851637774.799
2028-10-03T16:26:52+00:00,1854203212.589
2028-11-02T09:19:02+00:00,1856769542.1384
2028-12-02T01:41:40+00:00,1859334100.96
2028-12-31T16:49:45+00:00,1861894185.7135
2029-01-30T06:04:49+00:00,1864447489.2047
2029-02-28T17:11:27+00:00,1866993087.9361
2029-03-30T02:27:30+00:00,1869532050.9102
2029-04-28T10:37:44+00:00,1872067064.271
2029-05-27T18:38:16+00:00,1874601496.2918
2029-06-26T03:23:06+00:00,1877138586.0464
2029-07-25T13:36:42+00:00,1879681002.98
2029-08-24T01:52:16+00:00,1882230736.982
2029-09-22T16:30:26+00:00,1884789026.4891
2029-10-22T09:29:04+00:00,1887355744.4731
2029-11-21T04:04:35+00:00,1889928275.9917
2029-12-20T22:47:56+00:00,1892501276.0235
2030-01-19T15:56:09+00:00,1895068569.1211
2030-02-18T06:22:06+00:00,1897626126.3127
2030-03-19T17:58:37+00:00,1900173517.383
2030-04-18T03:21:40+00:00,1902712900.182
2030-05-17T11:20:05+00:00,1905247205.4782
2030-06-15T18:41:07+00:00,1907779267.8024
2030-07-15T02:11:50+00:00,1910311910.914
2030-08-13T10:44:17+00:00,1912848257.4167
2030-09-11T21:17:33+00:00,1915391853.0647
2030-10-11T10:46:52+00:00,1917946012.6232
2030-11-10T03:31:34+00:00,1920511894.4083
2030-12-09T22:42:08+00:00,1923086528.7994
2031-01-08T18:27:24+00:00,1925663244.5816
2031-02-07T12:48:19+00:00,1928234899.4507
2031-03-09T04:32:15+00:00,1930797135.4315
2031-04-07T17:23:52+00:00,1933349032.3848
2031-05-07T03:42:03+00:00,1935891723.468
2031-06-05T12:00:03+00:00,1938427203.3275
2031-07-04T19:02:21+00:00,1940958141.361
2031-08-03T01:46:30+00:00,1943487990.4875
2031-09-01T09:21:08+00:00,1946020868.4419
2031-09-30T18:58:02+00:00,1948561082.6011
2031-10-30T07:33:05+00:00,1951111985.2688
